filename, Bacterial Spot, Early_Blight, Healthy, Late_blight, Leaf Mold, Target_Spot, black spot
IMG_0356_JPG.rf.bd07e489eee09aa099321aa93d1b59ca.jpg, 0, 1, 0, 1, 0, 0, 1
IMG_0351_JPG.rf.ba476ebf0092a65e85abaa298014c3f4.jpg, 0, 1, 0, 0, 0, 0, 1
IMG_0351_JPG.rf.bf287b7965e1d9825ba83b14e17e5aa2.jpg, 0, 1, 0, 0, 0, 0, 1
IMG_0213_JPG.rf.c3d06634ba033bc2aa45b4196177733f.jpg, 0, 0, 0, 0, 0, 0, 0
IMG_0478_JPG.rf.bcbf0a755876fc9f2cd6472230cc67c1.jpg, 0, 1, 0, 0, 0, 0, 0
IMG_0477_JPG.rf.bbed338597a75d9dfea546f2948b349e.jpg, 0, 1, 0, 0, 0, 0, 0
IMG_1109_JPG.rf.c085cca696ee85d4a648d110f49d96e7.jpg, 0, 1, 0, 0, 0, 1, 1
IMG_0290_JPG.rf.c40787576286c4faa9158edcb9f7b3f8.jpg, 0, 1, 0, 0, 1, 0, 1
IMG_1018_JPG.rf.be0bfe172d23f1b1d9b16b8e61b88752.jpg, 0, 0, 1, 0, 0, 0, 0
IMG_1011_JPG.rf.bed8b6cc8f9ed2e77fcbb4e5c65ed231.jpg, 0, 0, 1, 0, 0, 0, 0
IMG_1145_JPG.rf.c501a5873b27b49a7a67bebc42bf9bdb.jpg, 0, 0, 0, 0, 0, 0, 0
IMG_1037_JPG.rf.bc77c20abb006cb9292371031b284e8b.jpg, 0, 0, 1, 0, 0, 0, 0
IMG_1078_JPG.rf.bfa967e17971cf262b845c8bc26f7d8f.jpg, 0, 1, 0, 0, 0, 0, 1
IMG_0313_JPG.rf.bfd41bb80ebecead20f4e165716f5446.jpg, 0, 0, 0, 1, 0, 0, 0
IMG_0341_JPG.rf.c3919908e292ba159085e6e0cc3ec966.jpg, 0, 1, 0, 1, 0, 0, 0
IMG_1147_JPG.rf.c2e74002ca6ab6d7c776346dd9fcccc9.jpg, 0, 0, 1, 0, 0, 0, 0
IMG_0269_JPG.rf.bd23e08559cc39205b2b697058da42de.jpg, 0, 1, 0, 0, 0, 0, 1
IMG_0307_JPG.rf.c4c4d7997afc133471599e3875c7e214.jpg, 0, 1, 0, 1, 0, 0, 1
IMG_1147_JPG.rf.c199bbb783b426a67fe52de3d427972f.jpg, 0, 0, 1, 0, 0, 0, 0
IMG_0256_JPG.rf.bf879516f904c80bf84aaeafb075ceeb.jpg, 0, 1, 0, 0, 1, 0, 1
IMG_0592_JPG.rf.bca4d76cd80a4207ea5b918f0c8e3b5a.jpg, 0, 1, 0, 0, 0, 0, 0
IMG_0330_JPG.rf.bbed16e0eef3b324a50540258f5b24ab.jpg, 0, 0, 0, 0, 0, 0, 0
IMG_1143_JPG.rf.b9c0e13a4d580af35c60fad2303e3f74.jpg, 0, 0, 0, 0, 0, 0, 0
IMG_1042_JPG.rf.bd79f88ccfbc5a9208f80ce69e7d06af.jpg, 0, 0, 1, 0, 0, 0, 0
IMG_0229_JPG.rf.bee8811358b57b3035794ec99cc662df.jpg, 1, 0, 0, 0, 1, 0, 1
IMG_0354_JPG.rf.c564fcf7b6233173b31d5f6e5bceeeab.jpg, 0, 1, 0, 0, 0, 0, 1
IMG_0286_JPG.rf.c71d419cef3a7c4a16dc45a2e775452a.jpg, 0, 1, 0, 1, 0, 0, 1
IMG_0286_JPG.rf.c597e309917b9b64d4af234c92bd2748.jpg, 0, 1, 0, 1, 0, 0, 1
IMG_0253_JPG.rf.c6f730c2afb85c3f66bc9ea1f70e6159.jpg, 0, 1, 0, 0, 1, 0, 1
IMG_1005_JPG.rf.c842bde7f2e5b2e832f529081d27d1c1.jpg, 0, 0, 1, 0, 0, 0, 0
IMG_0247_JPG.rf.c9a164549fced94f45aae7ff4068bedd.jpg, 0, 0, 1, 0, 0, 0, 0
IMG_0276_JPG.rf.ca6c187012d58a691cb9d3fee09d162d.jpg, 0, 1, 0, 0, 1, 0, 1
IMG_1013_JPG.rf.c7879729168e7e28a763b5e16708d32f.jpg, 0, 0, 1, 0, 0, 0, 0
IMG_0368_JPG.rf.cb59c4e65279381b523dcb248ccc6d5b.jpg, 0, 1, 0, 0, 0, 1, 0
IMG_0476_JPG.rf.cba40437a23473e65ab391ce480b42ca.jpg, 0, 1, 0, 0, 0, 0, 0
IMG_0241_JPG.rf.ca705adca19c6f7a22af05776d7ae26e.jpg, 0, 1, 0, 0, 0, 0, 0
IMG_0225_JPG.rf.cb00ac81e2778f9c099c5d13efc21fa8.jpg, 0, 0, 0, 0, 0, 0, 1
IMG_0273_JPG.rf.cc0bb5da5f132e0ccac379a293917d2d.jpg, 0, 1, 0, 0, 0, 0, 0
IMG_0372_JPG.rf.cb907a9e6188f1a7becc5cf9099e4c24.jpg, 0, 1, 0, 0, 0, 0, 0
IMG_0243_JPG.rf.cd05fcb34caad74f2c35f2df9e031512.jpg, 0, 0, 1, 0, 0, 0, 0
IMG_1121_JPG.rf.ce1ba392a33283983a9a485a8536c2a0.jpg, 0, 0, 0, 0, 0, 0, 1
IMG_0590_JPG.rf.cd327f4ede738a6f08110f6ddfa625b2.jpg, 0, 1, 0, 0, 0, 0, 0
IMG_1035_JPG.rf.ce14a504ba7e94fcf479ccf7e4e964b8.jpg, 1, 1, 0, 0, 0, 0, 0
IMG_0245_JPG.rf.cd88ac33963a2f6e8ecbcff6426b12bb.jpg, 0, 0, 1, 0, 0, 0, 0
IMG_1000_JPG.rf.ce99dcd6a1ca2d18241463195ff7484a.jpg, 0, 1, 0, 0, 0, 0, 0
IMG_1126_JPG.rf.cdf8e15cbf59aef0844d90808276e27e.jpg, 1, 0, 0, 0, 0, 0, 1
IMG_1133_JPG.rf.cf83e44ee64c1647565887b47a0754fe.jpg, 0, 0, 0, 1, 0, 0, 0
IMG_0275_JPG.rf.cf506bd73ca1f77b706029ee13a913fc.jpg, 0, 1, 0, 0, 1, 0, 0
IMG_0479_JPG.rf.cec82215aba15530839bae08dcb6da16.jpg, 0, 1, 0, 0, 0, 0, 0
IMG_0565_JPG.rf.cf8a65d1df88600c8f8c8f908fe2430a.jpg, 0, 1, 0, 0, 0, 0, 0
IMG_0238_JPG.rf.cfd6612ff4c828b73ce7ffa66b001403.jpg, 0, 0, 1, 0, 0, 0, 0
IMG_1051_JPG.rf.cfbec8fbdd22aa79605bfae78725f544.jpg, 0, 1, 0, 0, 0, 1, 1
IMG_0477_JPG.rf.d15279ca8c2eb40f58a44dcef84e5660.jpg, 0, 1, 0, 0, 0, 0, 0
IMG_0301_JPG.rf.d1516af306a450f4f2fb35e0e8b5ba2d.jpg, 0, 0, 1, 0, 0, 0, 0
IMG_1080_JPG.rf.d03ed71bf648d4939a5139ad1b2c9e1f.jpg, 0, 1, 0, 0, 0, 0, 1
IMG_0325_JPG.rf.d1db03ec9641c31c9f89a71ea596d06a.jpg, 1, 1, 0, 0, 0, 0, 1
IMG_0350_JPG.rf.d1070b54c5e5d7aead2ae558db08e02e.jpg, 1, 0, 0, 1, 0, 0, 0
IMG_0238_JPG.rf.d03dae4a2e01eb2af13da624ea21248e.jpg, 0, 0, 1, 0, 0, 0, 0
IMG_1065_JPG.rf.d22549552625a4f036b31f515ede8652.jpg, 0, 0, 0, 1, 0, 0, 0
IMG_0290_JPG.rf.d2a40e447c95c0aa07dc789d31e63527.jpg, 0, 1, 0, 0, 1, 0, 1
IMG_0313_JPG.rf.d20629a171e829bd129561880404316b.jpg, 0, 0, 0, 1, 0, 0, 0
IMG_0235_JPG.rf.d1edcf67bd93cc4b7c72a3cca8a1e425.jpg, 0, 0, 1, 0, 0, 0, 0
IMG_0886_JPG.rf.d2d7bf1859c41e60f7a66b73113b272d.jpg, 0, 1, 0, 0, 0, 0, 0
IMG_1132_JPG.rf.d2701bbd6af1d3cb86db8a0ce36dbac8.jpg, 0, 0, 0, 1, 0, 0, 0
IMG_0367_JPG.rf.d3ade4e2f1960e85a6db46fc10f61e94.jpg, 0, 1, 0, 0, 0, 0, 1
IMG_0479_JPG.rf.d597419dceb28ac9f34071ceb4aeffa7.jpg, 0, 1, 0, 0, 0, 0, 0
IMG_1096_JPG.rf.d2f9fcd7ade672e8226c937515270e25.jpg, 0, 0, 0, 1, 0, 0, 0
IMG_1036_JPG.rf.d7a73012e4b06a32c89e5f9c6b65ac0b.jpg, 1, 1, 0, 0, 0, 0, 0
IMG_0227_JPG.rf.d455c09049b17779e0606914098544c0.jpg, 0, 0, 0, 0, 0, 0, 1
IMG_0244_JPG.rf.d651cc1dade30d0e2d245d3e71ec5645.jpg, 0, 0, 1, 0, 0, 0, 0
IMG_1084_JPG.rf.d720cc51cd82d576a51d800534fc4f98.jpg, 0, 0, 1, 0, 0, 0, 0
IMG_0696_JPG.rf.d55ec134ea04558792f4dd95635780aa.jpg, 0, 0, 1, 0, 0, 0, 0
IMG_0479_JPG.rf.d5f28ea1980640abd905af92d421f5ab.jpg, 0, 1, 0, 0, 0, 0, 0
IMG_1097_JPG.rf.d8eec23f022cd97390d6d1d2de67f2ce.jpg, 0, 0, 0, 1, 0, 0, 0
IMG_1068_JPG.rf.d9bae531d2eb595e0e0f173d250b1038.jpg, 0, 0, 1, 0, 0, 0, 0
IMG_1137_JPG.rf.d8aa7cb50c85156587b287cde022ed62.jpg, 0, 1, 0, 1, 0, 1, 0
IMG_1035_JPG.rf.d9cda30b06318079b8410f5a6ee80ca6.jpg, 1, 1, 0, 0, 0, 0, 0
IMG_1011_JPG.rf.d7e22308b7e1e6ddaa5155f93f9458e7.jpg, 0, 0, 1, 0, 0, 0, 0
IMG_1097_JPG.rf.d9e6623ce24a9573ba6a02f2a9aa99be.jpg, 0, 0, 0, 1, 0, 0, 0
IMG_0262_JPG.rf.d9cf2847a3c465d067b4be2e43464baf.jpg, 0, 0, 1, 0, 0, 0, 0
IMG_0244_JPG.rf.d8b1e7064312bf8a4fb9af5ac2c8c035.jpg, 0, 0, 1, 0, 0, 0, 0
IMG_1122_JPG.rf.db13b898dcb7f90a3bab649fb999a12e.jpg, 0, 0, 0, 0, 0, 0, 1
IMG_0372_JPG.rf.dccbb85d1ce3794848cdea93908620bd.jpg, 0, 1, 0, 0, 0, 0, 0
IMG_0566_JPG.rf.dc629e8b660339b9759fadf64d531790.jpg, 0, 1, 0, 0, 0, 0, 0
IMG_0318_JPG.rf.da298306cb1228575ee66546c52884a1.jpg, 0, 1, 0, 1, 0, 0, 0
IMG_1130_JPG.rf.db0a841864c3d3dde83d2e7ea6dcfd98.jpg, 0, 0, 0, 1, 0, 0, 0
IMG_0245_JPG.rf.dcdd4f1ffc6b0343f29bbe464e21b363.jpg, 0, 0, 1, 0, 0, 0, 0
IMG_0555_JPG.rf.df5926911e3ad520b0619d0ce3521230.jpg, 0, 1, 0, 0, 0, 0, 0
IMG_0589_JPG.rf.db6205d2f4b2bbe5f0d835e04813b14f.jpg, 0, 1, 0, 0, 0, 0, 0
IMG_0318_JPG.rf.df27155c599bee250d5c3e5a6003b8c2.jpg, 0, 1, 0, 1, 0, 0, 0
IMG_1073_JPG.rf.deb1ad489e1a0872a3d08f83d587b409.jpg, 0, 1, 0, 1, 0, 0, 0
IMG_0294_JPG.rf.e06a219d49e44d5ccdff59c97264fc23.jpg, 0, 1, 0, 1, 0, 0, 0
IMG_0280_JPG.rf.db72d902375a8b8d6ba0f2b9d7d3d47b.jpg, 0, 1, 0, 0, 1, 0, 1
IMG_1122_JPG.rf.e0c514f673c058f79cc8f1deb6ddb765.jpg, 0, 0, 0, 0, 0, 0, 1
IMG_0297_JPG.rf.e07129bc13aeb1e24b2bbd1ca44941a6.jpg, 0, 1, 0, 1, 0, 0, 1
IMG_0887_JPG.rf.e0cd8ac2c263c30c95b249f54c180d9d.jpg, 0, 1, 0, 0, 0, 0, 0
IMG_0341_JPG.rf.e0ad9199edbbf19d4e981da60d18dad7.jpg, 0, 1, 0, 1, 0, 0, 0
IMG_0274_JPG.rf.e18a48385cd557d8f9d7069b69a5491c.jpg, 0, 1, 0, 0, 1, 0, 0
IMG_0250_JPG.rf.e197eb24f87f2484d49fd7b1d1c4abe4.jpg, 0, 1, 0, 0, 0, 0, 0
IMG_1083_JPG.rf.e1a18273dc24aec0e3ae2c3eea7d4b74.jpg, 0, 0, 1, 0, 0, 0, 0
IMG_0481_JPG.rf.e2eed728deb45c7558851531f0501946.jpg, 0, 0, 1, 0, 0, 0, 0
IMG_0235_JPG.rf.e504a2bd969aae8578bf93b4cc0b8937.jpg, 0, 0, 1, 0, 0, 0, 0
IMG_1024_JPG.rf.e4a1f4f9e85c6b64c4ed51762138c515.jpg, 0, 0, 1, 0, 0, 0, 0
IMG_0254_JPG.rf.e58e0b19ffa6c0ef186538e160c71a17.jpg, 0, 1, 0, 0, 0, 0, 1
IMG_1041_JPG.rf.e161b886b8f599b3172de3df072b4cdd.jpg, 0, 0, 1, 0, 0, 0, 0
IMG_1041_JPG.rf.e54f5f9edf7d1246c82e9e2f3b51e350.jpg, 0, 0, 1, 0, 0, 0, 0
IMG_0278_JPG.rf.e6499b0b39e3d4261c8dc90e572c45f9.jpg, 0, 1, 0, 0, 1, 0, 0
IMG_0240_JPG.rf.e5cabe14bf76288f9885893629ec82d8.jpg, 0, 1, 0, 0, 0, 0, 0
IMG_0216_JPG.rf.e81f84d1fa05a22ea07f1f9e901b56dd.jpg, 0, 0, 1, 0, 0, 0, 0
IMG_1145_JPG.rf.e660dc4161e55a9d5e9ae4339cb033be.jpg, 0, 0, 0, 0, 0, 0, 0
IMG_0242_JPG.rf.e4259fb1a5cd856e7469e780765d8c07.jpg, 0, 1, 0, 0, 0, 0, 0
IMG_0275_JPG.rf.e9354f1c08ce0808aba63dcb2cde31e3.jpg, 0, 1, 0, 0, 1, 0, 0
IMG_0332_JPG.rf.e6209227d4cf08c64f5befae3ef8b0a9.jpg, 0, 0, 0, 0, 0, 0, 1
IMG_1083_JPG.rf.e9ce32662e253366dd5913a3e2c33875.jpg, 0, 0, 1, 0, 0, 0, 0
IMG_0652_JPG.rf.e84fa27909aae097cad79a5bdee1a5cf.jpg, 0, 0, 0, 1, 0, 0, 0
IMG_0341_JPG.rf.e998b2c5e52bd9fdae01fcad853386f5.jpg, 0, 1, 0, 1, 0, 0, 0
IMG_0346_JPG.rf.e7fea6d4b98411c714c1975ad9f20108.jpg, 0, 1, 0, 0, 0, 1, 1
IMG_0562_JPG.rf.ea11bd6066202f93478d1ae9239fc744.jpg, 0, 1, 0, 0, 0, 0, 0
IMG_1085_JPG.rf.ec8b976c904ed4ccea4f8bbe521b46d9.jpg, 0, 0, 1, 0, 0, 0, 0
IMG_1028_JPG.rf.ec015abe7de683dedba1099b8f160332.jpg, 0, 1, 0, 0, 0, 0, 1
IMG_0576_JPG.rf.e9e4a7a2e1f1e53c9ad7e99b5351219c.jpg, 0, 1, 0, 0, 0, 0, 0
IMG_1043_JPG.rf.ed34e4d28ec2c2cde02e3d080a5cbcc2.jpg, 0, 0, 1, 0, 0, 0, 0
IMG_1102_JPG.rf.ecfa06474727017dad10e567c02c31d9.jpg, 0, 1, 0, 0, 0, 0, 0
IMG_0315_JPG.rf.eee89f090f6ed217626988926fd781dc.jpg, 0, 0, 0, 1, 0, 0, 0
IMG_0264_JPG.rf.eef3fa28db0bf969dc144f653b0bd802.jpg, 0, 0, 1, 0, 0, 0, 0
IMG_0244_JPG.rf.ef1ad4e636a5228ba478af5209087ed5.jpg, 0, 0, 1, 0, 0, 0, 0
IMG_0342_JPG.rf.edb1289540c6d8d677343ed65c381723.jpg, 0, 1, 0, 1, 0, 0, 1
IMG_0248_JPG.rf.f05404521b2704df2226fb522612295a.jpg, 0, 0, 1, 0, 0, 0, 0
IMG_0325_JPG.rf.ef5b619f3ecb775256861d0d5aa55e04.jpg, 1, 1, 0, 0, 0, 0, 1
IMG_0311_JPG.rf.f0e3c6663f5fb35e27d0cab41114daac.jpg, 0, 0, 0, 1, 0, 0, 0
IMG_1024_JPG.rf.ebe88ef4512d42d1eabe0e13e20c6b1b.jpg, 0, 0, 1, 0, 0, 0, 0
IMG_1014_JPG.rf.f18854bd137c006cea4d91a8db97e138.jpg, 0, 0, 1, 0, 0, 0, 0
IMG_1079_JPG.rf.f1aab696856e64d92f9118548ce53511.jpg, 0, 1, 0, 0, 0, 0, 1
IMG_0270_JPG.rf.f0494b38107d423396aba50fb8dec6a8.jpg, 0, 1, 0, 0, 0, 0, 1
IMG_0699_JPG.rf.f0c0464e54ddca0d2e3f8a8248398576.jpg, 0, 0, 1, 0, 0, 0, 0
IMG_1017_JPG.rf.ef7dad02b2a60f412e567f77c91b1a09.jpg, 0, 0, 1, 0, 0, 0, 0
IMG_1133_JPG.rf.f1e73d7eae67c677eec4c056dbd7f68b.jpg, 0, 0, 0, 1, 0, 0, 0
IMG_0589_JPG.rf.f321b6e96dbe81cdfcead8afcbfe6c6a.jpg, 0, 1, 0, 0, 0, 0, 0
IMG_1098_JPG.rf.f20a32b6fae21df81e34a95cf2dd3415.jpg, 0, 0, 0, 1, 0, 0, 0
IMG_0305_JPG.rf.f45a171d11a2f1c9c26011f489771e6b.jpg, 0, 1, 0, 1, 0, 0, 1
IMG_1120_JPG.rf.f426f81c4ff7d76e03b2c4e5605755b8.jpg, 0, 0, 0, 0, 0, 0, 1
IMG_1017_JPG.rf.f4c588d8acf36d4fc7301b4cc2852b66.jpg, 0, 0, 1, 0, 0, 0, 0
IMG_1040_JPG.rf.f2d5684abd7c99c086438c38c136776f.jpg, 0, 0, 1, 0, 0, 0, 0
IMG_1062_JPG.rf.f6bdba0d9eaca4901ae36913a74c4662.jpg, 0, 0, 0, 1, 0, 0, 0
IMG_1015_JPG.rf.f5f7c7483fcee2bf2803f8043d00c783.jpg, 0, 0, 1, 0, 0, 0, 0
IMG_0333_JPG.rf.f4dc60fdda03c8531fe03c846740db7c.jpg, 0, 0, 0, 0, 0, 0, 1
IMG_0225_JPG.rf.f64cb6ad42623847c79cb2a31ba10734.jpg, 0, 0, 0, 0, 0, 0, 1
IMG_1146_JPG.rf.f5a76d064762bd9d3c66e591d396007d.jpg, 0, 0, 1, 0, 0, 0, 0
IMG_1116_JPG.rf.f8632f412e96cfec69262a5b0b1d3a35.jpg, 0, 0, 1, 0, 0, 0, 0
IMG_0888_JPG.rf.f8afc85132cb1631bd0091933d0721fc.jpg, 0, 1, 0, 0, 0, 0, 0
IMG_0700_JPG.rf.f7237555322cc840eedc79c182cccf13.jpg, 0, 0, 1, 0, 0, 0, 0
IMG_1140_JPG.rf.f90955d893c18ad2d936199a7c3a7c69.jpg, 0, 0, 0, 1, 0, 0, 0
IMG_1082_JPG.rf.f49901d71dd1632aa995012aa2b6bf07.jpg, 0, 1, 0, 0, 0, 0, 0
IMG_0557_JPG.rf.f8f488cc065dfd315e1467e8936109f7.jpg, 0, 1, 0, 0, 0, 0, 0
IMG_0212_JPG.rf.f9feb4b8c032613cf639b801f7a934c2.jpg, 0, 0, 0, 0, 0, 0, 1
IMG_0259_JPG.rf.f9e839d3d315e58b1b4f876dc738c87d.jpg, 0, 0, 0, 0, 1, 0, 0
IMG_0287_JPG.rf.fb0210dfea99fec2156d38fd15f958bb.jpg, 0, 1, 0, 0, 0, 0, 1
IMG_1098_JPG.rf.fb3380cce10267127ec5ed201ef7b86a.jpg, 0, 0, 0, 1, 0, 0, 0
IMG_1022_JPG.rf.fa52c1313904ef5a16e01b7b7351a8e2.jpg, 0, 0, 1, 0, 0, 0, 0
IMG_1020_JPG.rf.fb84f7c9929e4c56c25f3afab74ac522.jpg, 0, 0, 1, 0, 0, 0, 0
IMG_0324_JPG.rf.fb070f048b6916190ab8b921cca4439f.jpg, 1, 1, 0, 0, 0, 0, 1
IMG_1063_JPG.rf.fcc1a2544b8154c4a3a0a3051dcf0ad1.jpg, 0, 0, 0, 1, 0, 0, 0
IMG_0240_JPG.rf.fa87d7fe41e42f89965cb0daa300ebb5.jpg, 0, 1, 0, 0, 0, 0, 0
IMG_0483_JPG.rf.fc884b6f980a29b6cc738bafe180e755.jpg, 0, 0, 1, 0, 0, 0, 0
IMG_1146_JPG.rf.fcc9d905c15749e8d26e4becf2d1c9c5.jpg, 0, 0, 1, 0, 0, 0, 0
IMG_0273_JPG.rf.fcda2644b78885029ee847f8b4634eb7.jpg, 0, 1, 0, 0, 0, 0, 0
IMG_0322_JPG.rf.fc8a3c71bbd602c64a944d996bbb8dda.jpg, 1, 1, 0, 0, 0, 0, 1
IMG_1084_JPG.rf.fd4e326352114c16ecc95ae9cb94364d.jpg, 0, 0, 1, 0, 0, 0, 0
IMG_0888_JPG.rf.fe2c7e9ff50cbecacf9ac20d47d8fe65.jpg, 0, 1, 0, 0, 0, 0, 0
IMG_0589_JPG.rf.fe4130f8a6b3b9ef39648361692afa14.jpg, 0, 1, 0, 0, 0, 0, 0
IMG_0252_JPG.rf.fed72462d833d5bac595a4de29d661ad.jpg, 0, 1, 0, 0, 0, 0, 0
IMG_0365_JPG.rf.fe7e5f89a88b767caebd141e1e7d9bbb.jpg, 0, 1, 0, 0, 0, 0, 1
IMG_1013_JPG.rf.fe3eb282c70ef7c8dbad4781a5454e17.jpg, 0, 0, 1, 0, 0, 0, 0
IMG_0241_JPG.rf.fd2f83402af57230fc6679c04731bb19.jpg, 0, 1, 0, 0, 0, 0, 0
IMG_1131_JPG.rf.ff4dfb7611ba0740d3c4f3ea2d4860d0.jpg, 0, 0, 0, 1, 0, 0, 0
IMG_0214_JPG.rf.ff901d83bb7227dd3800eed1eb0aa6dc.jpg, 0, 0, 0, 0, 0, 0, 0
IMG_0696_JPG.rf.5f31d62a55e5b61b4db896a6d9941815.jpg, 0, 0, 1, 0, 0, 0, 0
IMG_0651_JPG.rf.585f0d0ee55e0028c06db3ba12936dc5.jpg, 0, 0, 0, 1, 0, 0, 0
IMG_0305_JPG.rf.5a4ab0a2f4c79d4b6ac4d689eacf3ee3.jpg, 0, 1, 0, 1, 0, 0, 1
IMG_0699_JPG.rf.5a1cadb0b29bbec980ba8aec4549c47c.jpg, 0, 0, 1, 0, 0, 0, 0
IMG_0257_JPG.rf.5ba5d7487e5936cb91549de895640b20.jpg, 0, 1, 0, 0, 1, 0, 1
IMG_0561_JPG.rf.534d3c05cad2750ff98ac8591de27d85.jpg, 0, 1, 0, 0, 0, 0, 0
IMG_0561_JPG.rf.55a498b0f2881b23e8ed61cbb1faf8a5.jpg, 0, 1, 0, 0, 0, 0, 0
IMG_0303_JPG.rf.5cfd316981c978ce4ef1df3bef6acab6.jpg, 1, 0, 0, 0, 0, 0, 0
IMG_1134_JPG.rf.5e1942c597f5a29540a96e69ebf1dc77.jpg, 0, 1, 0, 0, 0, 0, 0
IMG_0304_JPG.rf.5e47ea73f09ff5e69fc8505e7c90fc5e.jpg, 1, 0, 0, 0, 0, 0, 0
IMG_0887_JPG.rf.5f3b08de5e9313198218cc15aa7e74e7.jpg, 0, 1, 0, 0, 0, 0, 0
IMG_0234_JPG.rf.55ea782bf0ceee05f6ac0e939509f0db.jpg, 0, 0, 1, 0, 0, 0, 0
IMG_1068_JPG.rf.5bad031d5aebc6042660f4de7e88786b.jpg, 0, 0, 1, 0, 0, 0, 0
IMG_0308_JPG.rf.5d003280b40265cf919131a21d6244c3.jpg, 0, 1, 0, 1, 0, 0, 1
IMG_0304_JPG.rf.54932fa43e8af04f0f8ec62ae00fce36.jpg, 1, 0, 0, 0, 0, 0, 0
IMG_0273_JPG.rf.5e5b04c745935d3a00d5d0da49cafffe.jpg, 0, 1, 0, 0, 0, 0, 0
IMG_0280_JPG.rf.5edc9e5afb6582846b4932065671186b.jpg, 0, 1, 0, 0, 1, 0, 1
IMG_0320_JPG.rf.5daa400dba91a685b219d55eea259703.jpg, 0, 1, 0, 0, 0, 0, 1
IMG_0262_JPG.rf.5e0c2bcab7cdffe09252c525f98af083.jpg, 0, 0, 1, 0, 0, 0, 0
IMG_0285_JPG.rf.56e12271af7f74a304a6474e0b94c25e.jpg, 0, 1, 0, 1, 0, 0, 1
IMG_0309_JPG.rf.556eea9c00891101ce1aeb94fdda73ce.jpg, 0, 0, 0, 1, 0, 0, 0
IMG_0368_JPG.rf.5dcabb389ccf807c0a5d0ca316924704.jpg, 0, 1, 0, 0, 0, 1, 0
IMG_1109_JPG.rf.534375443bfb4758c17b7bcfbdf125ef.jpg, 0, 1, 0, 0, 0, 1, 1
IMG_0260_JPG.rf.5d9d6c5b1ed29b841d64929a0c353c10.jpg, 0, 0, 1, 0, 0, 0, 0
IMG_0563_JPG.rf.540adc610966452dfa2c6990a51c23dc.jpg, 0, 1, 0, 0, 0, 0, 0
IMG_0231_JPG.rf.5f5c2f55b0b8b384f594f164cb8d50a7.jpg, 0, 1, 0, 0, 1, 0, 1
IMG_0343_JPG.rf.604ad0acf9e1f69759f32cb1bad2ae55.jpg, 0, 0, 0, 1, 0, 0, 0
IMG_0347_JPG.rf.630e1792fc0046b30914c59e6b9a069b.jpg, 0, 1, 0, 0, 0, 1, 1
IMG_0652_JPG.rf.624b435fda90f8a6e42d0de13752ff96.jpg, 0, 0, 0, 1, 0, 0, 0
IMG_0344_JPG.rf.60b600ac1e856abc439252d17a5917a2.jpg, 0, 0, 0, 1, 0, 0, 0
IMG_0997_JPG.rf.6158418243a36df6b523e93ea324fc3b.jpg, 0, 0, 0, 0, 0, 1, 1
IMG_0365_JPG.rf.63579f08b5a4a83862361f97b45d5deb.jpg, 0, 1, 0, 0, 0, 0, 1
IMG_0561_JPG.rf.638198fe41f6734b25b938399ec5ac0a.jpg, 0, 1, 0, 0, 0, 0, 0
IMG_0576_JPG.rf.6101a3669ecdb3d2a8a10915a1c90454.jpg, 0, 1, 0, 0, 0, 0, 0
IMG_0310_JPG.rf.64c680ed829d9533d36ac0d509df0f02.jpg, 0, 0, 0, 1, 0, 0, 0
IMG_0347_JPG.rf.5f6f56cb0c4004953b2b22b897cd099d.jpg, 0, 1, 0, 0, 0, 1, 1
IMG_0325_JPG.rf.63112e3767be0963ccc37e27e07fb215.jpg, 1, 1, 0, 0, 0, 0, 1
IMG_0696_JPG.rf.65a6fc2c3bb6892dd053ea9df3212019.jpg, 0, 0, 1, 0, 0, 0, 0
IMG_1028_JPG.rf.65197d9baaae22052980a40792b05290.jpg, 0, 1, 0, 0, 0, 0, 1
IMG_0314_JPG.rf.667280e5b11f7ab2789ae2100a99e09c.jpg, 0, 0, 0, 1, 0, 0, 0
IMG_0228_JPG.rf.65fc8362b54accc5c1276e3852d1e93e.jpg, 0, 0, 0, 0, 0, 0, 1
IMG_0342_JPG.rf.66649fe91d30cb1e59b1b9c869997ac4.jpg, 0, 1, 0, 1, 0, 0, 1
IMG_1058_JPG.rf.6592d8de206963a783aef860868d9716.jpg, 0, 1, 0, 0, 0, 0, 1
IMG_0654_JPG.rf.672760c487f3a415c6b445e56667a893.jpg, 1, 0, 0, 0, 0, 0, 1
IMG_1142_JPG.rf.6832ed0acadb9b37c7bc72431b5e57cb.jpg, 0, 0, 0, 1, 0, 0, 0
IMG_0319_JPG.rf.695534f4134a4b9a846b944ebb6bb2c9.jpg, 0, 1, 0, 0, 0, 0, 1
IMG_0346_JPG.rf.6ae1c332df1fd4934adad662101ffd45.jpg, 0, 1, 0, 0, 0, 1, 1
IMG_1037_JPG.rf.6a154715b7d4c7a176f5ab7a4b638e5a.jpg, 0, 0, 1, 0, 0, 0, 0
IMG_0560_JPG.rf.6b8192e4bf40cee383f47d879fa065e1.jpg, 0, 1, 0, 0, 0, 0, 0
IMG_0213_JPG.rf.6ae88337d39608b8566aa7a0a3c042df.jpg, 0, 0, 0, 0, 0, 0, 0
IMG_1130_JPG.rf.6da0f9db45205eb8455796d57477181f.jpg, 0, 0, 0, 1, 0, 0, 0
IMG_0301_JPG.rf.69a0285935ec17c746b4cd0f1c690456.jpg, 0, 0, 1, 0, 0, 0, 0
IMG_1036_JPG.rf.6c70ae4fd8a1cd05a46de1fd08b9cd4a.jpg, 1, 1, 0, 0, 0, 0, 0
IMG_1122_JPG.rf.6c2ce9a390cc1862ef1e9f1dd1ba0cbc.jpg, 0, 0, 0, 0, 0, 0, 1
IMG_0582_JPG.rf.6b3ad7eec6632cfc1cb05c25db382933.jpg, 0, 1, 0, 0, 0, 0, 0
IMG_0342_JPG.rf.6da9e2c47209734fb6b5ddf90f1376fc.jpg, 0, 1, 0, 1, 0, 0, 1
IMG_0260_JPG.rf.6de483d48e60c67d8f871b0426d083de.jpg, 0, 0, 1, 0, 0, 0, 0
IMG_0478_JPG.rf.6f026601f34710c6eb8b50a46d17ec8d.jpg, 0, 1, 0, 0, 0, 0, 0
IMG_0278_JPG.rf.6e58bf72cf790c6bcf0f833972534e0e.jpg, 0, 1, 0, 0, 1, 0, 0
IMG_1082_JPG.rf.7075b6aa7cb71a373bf3ccf6a8e9c765.jpg, 0, 1, 0, 0, 0, 0, 0
IMG_1038_JPG.rf.6fc18d53faa7a4688cfe20fdac4f5b8b.jpg, 0, 0, 1, 0, 0, 0, 0
IMG_0270_JPG.rf.70c27edf90566876198ff6c76be10a12.jpg, 0, 1, 0, 0, 0, 0, 1
IMG_0283_JPG.rf.70e59bad7f8a45b0954612b27938a49f.jpg, 0, 1, 0, 0, 0, 0, 0
IMG_0591_JPG.rf.718f5d4ca63c76c759d986ec5170e2ab.jpg, 0, 1, 0, 0, 0, 0, 0
IMG_1140_JPG.rf.719f90bd7960df8485df55c4845a3fc7.jpg, 0, 0, 0, 1, 0, 0, 0
IMG_0218_JPG.rf.71f62af9e97b5dc89f678e96373037d8.jpg, 0, 0, 1, 0, 0, 0, 0
IMG_0212_JPG.rf.72f9bdc6599adddf2dc541fb4f939b13.jpg, 0, 0, 0, 0, 0, 0, 1
IMG_1143_JPG.rf.73a319d7c2648598ac74b4a3222f4927.jpg, 0, 0, 0, 0, 0, 0, 0
IMG_0291_JPG.rf.72b99b215b8798e2c2d634563ce22901.jpg, 0, 1, 0, 1, 0, 0, 1
IMG_0312_JPG.rf.729f19960238ad92f35fa64d12054428.jpg, 0, 0, 0, 1, 0, 0, 0
IMG_0582_JPG.rf.75d684c73e69933ffe563c5aaed0e6ff.jpg, 0, 1, 0, 0, 0, 0, 0
IMG_0330_JPG.rf.745cebf4e282b04cb36dd50cdad81f94.jpg, 0, 0, 0, 0, 0, 0, 0
IMG_0560_JPG.rf.74aa6962f260c6e3e5df82d7a25b7871.jpg, 0, 1, 0, 0, 0, 0, 0
IMG_0483_JPG.rf.764fb44a155d94a1524298f609675f47.jpg, 0, 0, 1, 0, 0, 0, 0
IMG_1000_JPG.rf.76d7fbf175f8b58039b78cdb20a8945f.jpg, 0, 1, 0, 0, 0, 0, 0
IMG_0240_JPG.rf.774f849b4e813b0234571faf69a3e491.jpg, 0, 1, 0, 0, 0, 0, 0
IMG_1015_JPG.rf.771e7a228b2cd17e08e17e8e48b28f7c.jpg, 0, 0, 1, 0, 0, 0, 0
IMG_0304_JPG.rf.771b7e369d816b7b1b80e43bf1288c20.jpg, 1, 0, 0, 0, 0, 0, 0
IMG_1114_JPG.rf.75c004a3287e9fbb7b9e9924c2894183.jpg, 0, 0, 1, 0, 0, 0, 0
IMG_1021_JPG.rf.784222c0782b3ca98029701572e7a2ea.jpg, 0, 0, 1, 0, 0, 0, 0
IMG_1145_JPG.rf.73bb1c1d25d5dea40cf9b10b9f18bca3.jpg, 0, 0, 0, 0, 0, 0, 0
IMG_1037_JPG.rf.7701713884bc87d429baaa508e529c36.jpg, 0, 0, 1, 0, 0, 0, 0
IMG_1082_JPG.rf.775c2305a2c1d1e59d8d18813a38a8b2.jpg, 0, 1, 0, 0, 0, 0, 0
IMG_0323_JPG.rf.784563429e688cf68261d54111c3e517.jpg, 1, 1, 0, 0, 0, 0, 1
IMG_1018_JPG.rf.76d52d453d10f7fe0e72726cbb7f7a18.jpg, 0, 0, 1, 0, 0, 0, 0
IMG_0303_JPG.rf.7ada3aad33a372d7197dc917e78b4b7b.jpg, 1, 0, 0, 0, 0, 0, 0
IMG_0276_JPG.rf.7a63368b442002b89941033b477c1abf.jpg, 0, 1, 0, 0, 1, 0, 1
IMG_1136_JPG.rf.7b812b71128bd9323872134dd4fb6cab.jpg, 0, 1, 0, 1, 0, 1, 0
IMG_1022_JPG.rf.7a4e5aee932e2868c1585b4ce65cbefc.jpg, 0, 0, 1, 0, 0, 0, 0
IMG_0309_JPG.rf.7934c214afdb3918976d29d51020ba15.jpg, 0, 0, 0, 1, 0, 0, 0
IMG_0302_JPG.rf.7c6f6d85594f69d319fdcc6b190d0c17.jpg, 0, 0, 1, 0, 0, 0, 0
IMG_0217_JPG.rf.7db9290f5ee31b8e297a4060ecfafd92.jpg, 0, 0, 1, 0, 0, 0, 0
IMG_1020_JPG.rf.7dea6babdfced0e75eb440d8791a5015.jpg, 0, 0, 1, 0, 0, 0, 0
IMG_0268_JPG.rf.7dce6806ad3818124c3c06b6b42b5ea0.jpg, 0, 1, 0, 0, 0, 0, 1
IMG_0320_JPG.rf.7e1c6942b28fab2c4b9e1ba32660fee7.jpg, 0, 1, 0, 0, 0, 0, 1
IMG_0235_JPG.rf.7e62510d55f5f63bf64aea8fd0f6efbc.jpg, 0, 0, 1, 0, 0, 0, 0
IMG_0308_JPG.rf.7f72ce8905e99262c3e4cff5041c3596.jpg, 0, 1, 0, 1, 0, 0, 1
IMG_0567_JPG.rf.7e36cb2abb414d833eb17bf5c015c33c.jpg, 0, 1, 0, 0, 0, 0, 0
IMG_0231_JPG.rf.7fcc1dcbb357bb7a1b9744d5ff9d64ca.jpg, 0, 1, 0, 0, 1, 0, 1
IMG_0297_JPG.rf.8033af3e2d071c14f2ddbd490a436c88.jpg, 0, 1, 0, 1, 0, 0, 1
IMG_0257_JPG.rf.8042eb42c09315a00f99f1fef4fd471c.jpg, 0, 1, 0, 0, 1, 0, 1
IMG_0257_JPG.rf.8139e003872ad81f8cea982b7fd787cc.jpg, 0, 1, 0, 0, 1, 0, 1
IMG_0312_JPG.rf.80489cc62c3e7861336bf448932cca9c.jpg, 0, 0, 0, 1, 0, 0, 0
IMG_0578_JPG.rf.8217e4f605314f33ad0e7059882d7eb0.jpg, 0, 1, 0, 0, 0, 0, 0
IMG_0562_JPG.rf.82bd11e0ed8c4603acbe2781b60a53cc.jpg, 0, 1, 0, 0, 0, 0, 0
IMG_0216_JPG.rf.83877e87be1f7d8a7e7380ee3d1b1df0.jpg, 0, 0, 1, 0, 0, 0, 0
IMG_0221_JPG.rf.82cc57ca6d9def7870fc75ca1982d9d4.jpg, 0, 0, 1, 0, 0, 0, 0
IMG_1014_JPG.rf.83af7c98ef5aa2e97af48a96c819b65c.jpg, 0, 0, 1, 0, 0, 0, 0
IMG_0343_JPG.rf.83d5a4a8b5bb4d3ef652e48611e29f58.jpg, 0, 0, 0, 1, 0, 0, 0
IMG_0566_JPG.rf.84880af459da72f1dcfccbf8011eb2a5.jpg, 0, 1, 0, 0, 0, 0, 0
IMG_0330_JPG.rf.820e5767005a8cf928a9e0680f2bb211.jpg, 0, 0, 0, 0, 0, 0, 0
IMG_0247_JPG.rf.85eacf12642e272c1fe291fb5ccd49bd.jpg, 0, 0, 1, 0, 0, 0, 0
IMG_0264_JPG.rf.857844e13982679487f0ed6c5e257c94.jpg, 0, 0, 1, 0, 0, 0, 0
IMG_0565_JPG.rf.8370ec22a20694b84a5de2c177fe36e8.jpg, 0, 1, 0, 0, 0, 0, 0
IMG_0314_JPG.rf.86757d58e812780542c30d1e327f2935.jpg, 0, 0, 0, 1, 0, 0, 0
IMG_1139_JPG.rf.80d20a33efb535d818416c1a8f742ee5.jpg, 0, 0, 0, 1, 0, 0, 0
IMG_0356_JPG.rf.86e90d6d46ab811c58350aa52cca2f7f.jpg, 0, 1, 0, 1, 0, 0, 1
IMG_0278_JPG.rf.880d616196a322d664cdd0dbd4a14f40.jpg, 0, 1, 0, 0, 1, 0, 0
IMG_1029_JPG.rf.8892b96b64e700bf41d5c01c7797694d.jpg, 0, 1, 0, 0, 0, 0, 1
IMG_0231_JPG.rf.897dcf8482f681d603ef64a21ea585f0.jpg, 0, 1, 0, 0, 1, 0, 1
IMG_0217_JPG.rf.89caadc74cd1ae440e1cc757c4238f88.jpg, 0, 0, 1, 0, 0, 0, 0
IMG_1063_JPG.rf.8a368ce9a841dd19ee5b7a6ac1852dd1.jpg, 0, 0, 0, 1, 0, 0, 0
IMG_1078_JPG.rf.8a3cabb74d6ea0c757d750ab658ec190.jpg, 0, 1, 0, 0, 0, 0, 1
IMG_0220_JPG.rf.8679979ba90bd96beaedb6c215cbb9f9.jpg, 0, 0, 1, 0, 0, 0, 0
IMG_0226_JPG.rf.8a89cd8298e265e8b446eb198e1fef7c.jpg, 0, 0, 0, 0, 0, 0, 1
IMG_0562_JPG.rf.8b6c017f347c506ddef001e5b78567e9.jpg, 0, 1, 0, 0, 0, 0, 0
IMG_0227_JPG.rf.8932bac39a5e69a6f637d1d06b093b08.jpg, 0, 0, 0, 0, 0, 0, 1
IMG_1144_JPG.rf.8a8440c10b4ca467478b0f9285202c46.jpg, 0, 0, 0, 0, 0, 0, 0
IMG_0343_JPG.rf.8bf062bbb0c586847edda646cd326bcd.jpg, 0, 0, 0, 1, 0, 0, 0
IMG_1020_JPG.rf.8bb0946a14c57c4ab7e20c33b8aa509b.jpg, 0, 0, 1, 0, 0, 0, 0
IMG_0296_JPG.rf.8bac7a257841799707976fc0d8ee30e3.jpg, 0, 1, 0, 1, 0, 0, 1
IMG_1079_JPG.rf.8b26621699e266f61019f639e192e21e.jpg, 0, 1, 0, 0, 0, 0, 1
IMG_0293_JPG.rf.8a56f7a0f9375a0443ffc8c6524f4cfc.jpg, 0, 1, 0, 1, 0, 0, 0
IMG_1085_JPG.rf.8c9103d3a23cfd53a03588c0af1b43ae.jpg, 0, 0, 1, 0, 0, 0, 0
IMG_0483_JPG.rf.8f56c096d766aabdfb006943c87052ac.jpg, 0, 0, 1, 0, 0, 0, 0
IMG_0556_JPG.rf.8f5920da234adb1cad761777488da2e5.jpg, 0, 1, 0, 0, 0, 0, 0
IMG_0553_JPG.rf.8d600b87600dc3a427bbfbeba686c01f.jpg, 0, 1, 0, 0, 0, 0, 0
IMG_0558_JPG.rf.900ebfb6b10104b784a39dcf8596cb3d.jpg, 0, 0, 0, 1, 0, 0, 0
IMG_1144_JPG.rf.8da9645619107724e73213f099f6ea98.jpg, 0, 0, 0, 0, 0, 0, 0
IMG_0564_JPG.rf.8db9cc4e08c1165c02491297d0a6bb97.jpg, 0, 1, 0, 0, 0, 0, 0
IMG_0652_JPG.rf.9033125ff27e2ce33272977520014a0c.jpg, 0, 0, 0, 1, 0, 0, 0
IMG_0377_JPG.rf.8ff17327d2b14e1859bb8e3cb97f14d2.jpg, 0, 1, 0, 1, 0, 1, 0
IMG_1080_JPG.rf.90ba2b8f335b289a11f9658334959fd8.jpg, 0, 1, 0, 0, 0, 0, 1
IMG_1120_JPG.rf.9084481a7db08e4c4aa8ea5b067d20b4.jpg, 0, 0, 0, 0, 0, 0, 1
IMG_1114_JPG.rf.8e57efe9b9027486355dfc277e4fbfd1.jpg, 0, 0, 1, 0, 0, 0, 0
IMG_1132_JPG.rf.90ea35507cf799a8657c52749afd0d41.jpg, 0, 0, 0, 1, 0, 0, 0
IMG_1074_JPG.rf.9342977fdf0782f0d4f796b6184c31dc.jpg, 0, 1, 0, 1, 0, 0, 0
IMG_1074_JPG.rf.92a409bb64ff5db6f0197364b2f1b007.jpg, 0, 1, 0, 1, 0, 0, 0
IMG_0286_JPG.rf.90cd7340a8042f4fbd59c036c33ac429.jpg, 0, 1, 0, 1, 0, 0, 1
IMG_1130_JPG.rf.941ec9aae29fe4d59df9947fe3803db7.jpg, 0, 0, 0, 1, 0, 0, 0
IMG_0558_JPG.rf.9478ffe793d78f410bcb2f7815092200.jpg, 0, 0, 0, 1, 0, 0, 0
IMG_0263_JPG.rf.952853513bc835880ebc123a5b57c883.jpg, 0, 0, 1, 0, 0, 0, 0
IMG_0218_JPG.rf.93ab9b498f5de3b69d4edaea98470f38.jpg, 0, 0, 1, 0, 0, 0, 0
IMG_0372_JPG.rf.95ab8d68d6a2f24dc7f956ef3a8167ce.jpg, 0, 1, 0, 0, 0, 0, 0
IMG_0567_JPG.rf.95e5c7ae37ff88baad81a8a46b4cfdf7.jpg, 0, 1, 0, 0, 0, 0, 0
IMG_0590_JPG.rf.937d1fe115a76504b28761c63922bb15.jpg, 0, 1, 0, 0, 0, 0, 0
IMG_0258_JPG.rf.957f42d465f04637904df2b8645931f8.jpg, 0, 0, 0, 0, 1, 0, 0
IMG_1096_JPG.rf.95e6b8d878739539f2100e95786033e6.jpg, 0, 0, 0, 1, 0, 0, 0
IMG_0245_JPG.rf.967872293d943ea521d5e49641ecdc8b.jpg, 0, 0, 1, 0, 0, 0, 0
IMG_0220_JPG.rf.9686bb38587c5e5037bb6107c25f3474.jpg, 0, 0, 1, 0, 0, 0, 0
IMG_0582_JPG.rf.97086ccd18af9eb757dc7a4d63ed7f75.jpg, 0, 1, 0, 0, 0, 0, 0
IMG_0332_JPG.rf.98053b303eaf07c9c63511df2c35a394.jpg, 0, 0, 0, 0, 0, 0, 1
IMG_0358_JPG.rf.973b10bc8ccc276dd5ea376b87dcf36d.jpg, 0, 1, 0, 1, 0, 0, 1
IMG_0884_JPG.rf.9914c11e531373ac3b0f1f78bb14d2ea.jpg, 0, 1, 0, 0, 0, 0, 0
IMG_0351_JPG.rf.9a8df3e6f0c4d2efeb319827aeae6fe4.jpg, 0, 1, 0, 0, 0, 0, 1
IMG_1018_JPG.rf.9b3004cff7a4899e5415447ac0c82b7b.jpg, 0, 0, 1, 0, 0, 0, 0
IMG_0568_JPG.rf.98e8fa7b54d837460a415cee0a3d7aae.jpg, 0, 1, 0, 0, 0, 0, 0
IMG_0578_JPG.rf.9aabb320a14116444b8216b02f1a965f.jpg, 0, 1, 0, 0, 0, 0, 0
IMG_1136_JPG.rf.9b5aa66a76a7d7bc25338d96f64c230b.jpg, 0, 1, 0, 1, 0, 1, 0
IMG_0262_JPG.rf.9c2193a0bab78a4e2ec07e3ff81cdd7a.jpg, 0, 0, 1, 0, 0, 0, 0
IMG_1019_JPG.rf.98f09321749a351779b23c3927749f2b.jpg, 0, 0, 1, 0, 0, 0, 0
IMG_0252_JPG.rf.9edb6009f76e5bfa7b1d0b616fe16286.jpg, 0, 1, 0, 0, 0, 0, 0
IMG_0578_JPG.rf.9c3d03e1ae3bf79beaae927c982d0101.jpg, 0, 1, 0, 0, 0, 0, 0
IMG_0315_JPG.rf.9fe044fb5e11e3de3de51eb582313263.jpg, 0, 0, 0, 1, 0, 0, 0
IMG_0289_JPG.rf.9ffa5eb70bdb43563409066d74fd98c3.jpg, 0, 1, 0, 0, 1, 0, 1
IMG_0296_JPG.rf.9ead20e442e955f4af892f5d43bc34d5.jpg, 0, 1, 0, 1, 0, 0, 1
IMG_1028_JPG.rf.a191ec0484fb80098bc24b440c9337f7.jpg, 0, 1, 0, 0, 0, 0, 1
IMG_0885_JPG.rf.9cc1b129a89db6181c57aac87e61cf71.jpg, 0, 1, 0, 0, 0, 0, 0
IMG_0294_JPG.rf.a23178f72905e0e364cccb508e66f25b.jpg, 0, 1, 0, 1, 0, 0, 0
IMG_0327_JPG.rf.a14869645c3cc69a9420a223c0671a02.jpg, 0, 0, 0, 1, 0, 0, 0
IMG_0568_JPG.rf.a2be1cd1be8622bafaa845256a69606f.jpg, 0, 1, 0, 0, 0, 0, 0
IMG_0362_JPG.rf.a2ca3a43c0e488c84f38d40fe6b8df27.jpg, 0, 0, 0, 0, 0, 1, 0
IMG_0279_JPG.rf.a2c57c4a311ce7d097970d5c73cc3cce.jpg, 0, 1, 0, 0, 1, 0, 1
IMG_1038_JPG.rf.a0d1aaa88fa91d3352103fcd38b8d34c.jpg, 0, 0, 1, 0, 0, 0, 0
IMG_0311_JPG.rf.a2cf317eaa177abab898c772945b5ffe.jpg, 0, 0, 0, 1, 0, 0, 0
IMG_0655_JPG.rf.a3c47bb437b00a2d27626fbf17665a9c.jpg, 1, 0, 0, 0, 0, 0, 1
IMG_0556_JPG.rf.a2df48629c503a58990dd8d8f353cf17.jpg, 0, 1, 0, 0, 0, 0, 0
IMG_0556_JPG.rf.a3d235d9d0d38c5f5ba235311530a361.jpg, 0, 1, 0, 0, 0, 0, 0
IMG_1131_JPG.rf.a37dd0035e768f8ae5fa42b9f26c532c.jpg, 0, 0, 0, 1, 0, 0, 0
IMG_0553_JPG.rf.a527a55784e13a42a47a3855e65b7265.jpg, 0, 1, 0, 0, 0, 0, 0
IMG_0332_JPG.rf.a4119dd9ec687ac64ae47f9c865f5ff6.jpg, 0, 0, 0, 0, 0, 0, 1
IMG_0251_JPG.rf.a4224f27558260a22332bc8e4fc15116.jpg, 0, 1, 0, 0, 0, 0, 0
IMG_0234_JPG.rf.a571e51a4850e1d18c7f4afd872511a3.jpg, 0, 0, 1, 0, 0, 0, 0
IMG_0268_JPG.rf.a5d0b542bd7273daa9c4f5bd34ed9236.jpg, 0, 1, 0, 0, 0, 0, 1
IMG_0289_JPG.rf.a51f9f67217ad2a26da90d5f5411be8d.jpg, 0, 1, 0, 0, 1, 0, 1
IMG_1058_JPG.rf.a61a25cadb8eb214075f1a12c6d9095b.jpg, 0, 1, 0, 0, 0, 0, 1
IMG_0226_JPG.rf.a5e808808d3e71eef2a50b5ea51975cc.jpg, 0, 0, 0, 0, 0, 0, 1
IMG_0310_JPG.rf.a65045ecf6c3955326b509b5372c9f0d.jpg, 0, 0, 0, 1, 0, 0, 0
IMG_0260_JPG.rf.a761ef0c6dd5f20f00c25bed3d9bb3fd.jpg, 0, 0, 1, 0, 0, 0, 0
IMG_1136_JPG.rf.a67403b1f7e419108c5cfedd16c22348.jpg, 0, 1, 0, 1, 0, 1, 0
IMG_0287_JPG.rf.a632ee33eca7b88bf9e6654ffd9da72f.jpg, 0, 1, 0, 0, 0, 0, 1
IMG_0888_JPG.rf.a7df2f184af092e431cf664afb79e447.jpg, 0, 1, 0, 0, 0, 0, 0
IMG_0568_JPG.rf.a760f988e19771544999aa1d9e95cd88.jpg, 0, 1, 0, 0, 0, 0, 0
IMG_0243_JPG.rf.a797030de676c7c764cf85333529ef46.jpg, 0, 0, 1, 0, 0, 0, 0
IMG_0558_JPG.rf.a89796a0688e7bc4c9549c233ebad723.jpg, 0, 0, 0, 1, 0, 0, 0
IMG_1147_JPG.rf.a90d4b9fff161ca26ddb96aac009a36b.jpg, 0, 0, 1, 0, 0, 0, 0
IMG_1131_JPG.rf.a9c86ba57abcdceaccb51be89975d115.jpg, 0, 0, 0, 1, 0, 0, 0
IMG_0287_JPG.rf.a89b6b91dc6f08ccdb4c54d82283f40a.jpg, 0, 1, 0, 0, 0, 0, 1
IMG_1022_JPG.rf.a9da7dccb4f20bd9fb97d2bedc3c93af.jpg, 0, 0, 1, 0, 0, 0, 0
IMG_0478_JPG.rf.aaab78826b91fa941f50f26f2e22c007.jpg, 0, 1, 0, 0, 0, 0, 0
IMG_1068_JPG.rf.a90f579af002ce12a20466b1183ff0d5.jpg, 0, 0, 1, 0, 0, 0, 0
IMG_0651_JPG.rf.acd1d9dc45c8c03c0136fc382ce99e26.jpg, 0, 0, 0, 1, 0, 0, 0
IMG_0322_JPG.rf.ac6e4eaf9a64c570e333df32b226bf4a.jpg, 1, 1, 0, 0, 0, 0, 1
IMG_0377_JPG.rf.acf9b672173ce2a57dd348f39b65394e.jpg, 0, 1, 0, 1, 0, 1, 0
IMG_0319_JPG.rf.ad0b590cb2c0cd2cd9c1d05bdfc230be.jpg, 0, 1, 0, 0, 0, 0, 1
IMG_1038_JPG.rf.adc255a6e3639e5bd5be1a56120dc2ce.jpg, 0, 0, 1, 0, 0, 0, 0
IMG_0655_JPG.rf.ab64cc4be4cfa93d248021e2b74536ec.jpg, 1, 0, 0, 0, 0, 0, 1
IMG_1083_JPG.rf.afe20c18ebaff9464552d58faf5c0b8f.jpg, 0, 0, 1, 0, 0, 0, 0
IMG_0655_JPG.rf.ac66d1ad3310e0594d7df9ba4b3f7aa7.jpg, 1, 0, 0, 0, 0, 0, 1
IMG_1065_JPG.rf.afaacc16f0bafd376db73fe7a2c451e2.jpg, 0, 0, 0, 1, 0, 0, 0
IMG_1097_JPG.rf.ae3e43e287953992f5a0a21e60678ac3.jpg, 0, 0, 0, 1, 0, 0, 0
IMG_1084_JPG.rf.a878dca29965485b04f79c3371d8df00.jpg, 0, 0, 1, 0, 0, 0, 0
IMG_1058_JPG.rf.b0a9ed069d09cb21bc15af9a2b76dc15.jpg, 0, 1, 0, 0, 0, 0, 1
IMG_0289_JPG.rf.a9d217c6057c79562658c2c998a23e1b.jpg, 0, 1, 0, 0, 1, 0, 1
IMG_1062_JPG.rf.afabc0111fa10852de182634b2f41847.jpg, 0, 0, 0, 1, 0, 0, 0
IMG_1085_JPG.rf.b191ef6577f8654680b67659d4ff2765.jpg, 0, 0, 1, 0, 0, 0, 0
IMG_1036_JPG.rf.b001332266f00ceb3c9c3bf61aeee05c.jpg, 1, 1, 0, 0, 0, 0, 0
IMG_1139_JPG.rf.b0a5ce5f69efd777e2ec27991aa6ff3b.jpg, 0, 0, 0, 1, 0, 0, 0
IMG_1011_JPG.rf.b24eb280ea8f937bab3798c08b822b44.jpg, 0, 0, 1, 0, 0, 0, 0
IMG_0336_JPG.rf.b2f7e08ee44a05cda510238b361db6ab.jpg, 0, 0, 1, 0, 0, 0, 0
IMG_1079_JPG.rf.b2d59672358d3f3d72550daf64e146f7.jpg, 0, 1, 0, 0, 0, 0, 1
IMG_0656_JPG.rf.b556e9d38150609a0b8a118f8f60bf6b.jpg, 1, 0, 0, 0, 0, 0, 1
IMG_0319_JPG.rf.b4afd27a26f4ad050a0ad2dab9eb3f02.jpg, 0, 1, 0, 0, 0, 0, 1
IMG_0368_JPG.rf.b383af9e4366fd23f9cb99fe1efaff5b.jpg, 0, 1, 0, 0, 0, 1, 0
IMG_0253_JPG.rf.b0de62530f71ae3f89e717850437730b.jpg, 0, 1, 0, 0, 1, 0, 1
IMG_0336_JPG.rf.b59643221775b924e5bfa9c6a02f291f.jpg, 0, 0, 1, 0, 0, 0, 0
IMG_0654_JPG.rf.b63e4ca3cc5d6ccf3d127bba41f99c1f.jpg, 1, 0, 0, 0, 0, 0, 1
IMG_0296_JPG.rf.b64515eac902c23fe33e60e086fb1751.jpg, 0, 1, 0, 1, 0, 0, 1
IMG_1121_JPG.rf.b6323fdb0a6338a718c7a25af79fbc62.jpg, 0, 0, 0, 0, 0, 0, 1
IMG_0654_JPG.rf.b30eabb76b1aa4afd5f631682c4bbdcd.jpg, 1, 0, 0, 0, 0, 0, 1
IMG_0592_JPG.rf.b6f1e7c70c6947ba6c4b3cb8c9ef62e9.jpg, 0, 1, 0, 0, 0, 0, 0
IMG_0238_JPG.rf.b862d5e26ce42038f80ac93160e20bae.jpg, 0, 0, 1, 0, 0, 0, 0
IMG_0307_JPG.rf.b5b25076573f273ed40ea83c66f38e39.jpg, 0, 1, 0, 1, 0, 0, 1
IMG_1137_JPG.rf.b91e024cb0888e1c1f2444624db2689d.jpg, 0, 1, 0, 1, 0, 1, 0
IMG_1005_JPG.rf.b88fd389ec515cfc81619564907dc449.jpg, 0, 0, 1, 0, 0, 0, 0
IMG_1120_JPG.rf.b71c2d3a7aa25775276882afced94b54.jpg, 0, 0, 0, 0, 0, 0, 1
IMG_1051_JPG.rf.b7eccf3fb9cb45a4ba170b34648f2869.jpg, 0, 1, 0, 0, 0, 1, 1
IMG_1133_JPG.rf.b9a7b5868451e2ae41ddc2e56d50cb06.jpg, 0, 0, 0, 1, 0, 0, 0
IMG_0592_JPG.rf.b6de10102c61e327e4ea4d13eedd81f9.jpg, 0, 1, 0, 0, 0, 0, 0
IMG_0220_JPG.rf.b8900e702989e8f9c8ac3a90a29a0f09.jpg, 0, 0, 1, 0, 0, 0, 0
IMG_0884_JPG.rf.02b0f1002df0c1e10a94d84a6145400b.jpg, 0, 1, 0, 0, 0, 0, 0
IMG_0365_JPG.rf.0030ed9d8af5da3db07e9db5e335daf3.jpg, 0, 1, 0, 0, 0, 0, 1
IMG_0651_JPG.rf.00e2465c553aba1967f7d445a6855434.jpg, 0, 0, 0, 1, 0, 0, 0
IMG_0315_JPG.rf.0068e9802c5f9d0bfcbf84012326cd88.jpg, 0, 0, 0, 1, 0, 0, 0
IMG_0279_JPG.rf.01d88f0c917d2290f5a56842049ae647.jpg, 0, 1, 0, 0, 1, 0, 1
IMG_1043_JPG.rf.02e71b383213c7957030286d89369ee0.jpg, 0, 0, 1, 0, 0, 0, 0
IMG_0229_JPG.rf.02a53b64d885056b23a9d0e307679526.jpg, 1, 0, 0, 0, 1, 0, 1
IMG_0327_JPG.rf.02c3b67b4a441a7f9913c1cf262c84b3.jpg, 0, 0, 0, 1, 0, 0, 0
IMG_0563_JPG.rf.02fb0671d636bded07e3aab692e80f63.jpg, 0, 1, 0, 0, 0, 0, 0
IMG_0282_JPG.rf.00168e7780b377947bb3abe7756fb708.jpg, 0, 1, 0, 0, 0, 0, 1
IMG_0326_JPG.rf.0426191c2d19b530be3a87ddc8dce9eb.jpg, 1, 1, 0, 0, 0, 0, 1
IMG_0591_JPG.rf.062fd0bd4d4854ab067db5f4c443860c.jpg, 0, 1, 0, 0, 0, 0, 0
IMG_0327_JPG.rf.04e1cfd034402b304349119775bed36f.jpg, 0, 0, 0, 1, 0, 0, 0
IMG_0477_JPG.rf.0731178b4a78074deaefcfbe5f41ada0.jpg, 0, 1, 0, 0, 0, 0, 0
IMG_1144_JPG.rf.0712790579c1f973c42e695667058225.jpg, 0, 0, 0, 0, 0, 0, 0
IMG_1040_JPG.rf.02a0bfc19f79c9050a323e7a413fe847.jpg, 0, 0, 1, 0, 0, 0, 0
IMG_0377_JPG.rf.0478caa2ea865d4f7d3a202ed2c93e9d.jpg, 0, 1, 0, 1, 0, 1, 0
IMG_0475_JPG.rf.06c4a8fae4ea86fc57fdaa9676b2693d.jpg, 0, 1, 0, 0, 0, 0, 0
IMG_0475_JPG.rf.0860426fd1810f833ce542ae851ba59d.jpg, 0, 1, 0, 0, 0, 0, 0
IMG_0700_JPG.rf.07dfc2feb6c83a7d6e100bf730ee3f96.jpg, 0, 0, 1, 0, 0, 0, 0
IMG_1073_JPG.rf.07e411d19ce613073655013cb3d88466.jpg, 0, 1, 0, 1, 0, 0, 0
IMG_0284_JPG.rf.0958d24a7ee0f8a5939d849eaaf7732a.jpg, 0, 1, 0, 1, 0, 0, 1
IMG_0310_JPG.rf.075ca560598958893d8aab039f479a61.jpg, 0, 0, 0, 1, 0, 0, 0
IMG_0553_JPG.rf.08e98511ce6444bf1573ab415e14492e.jpg, 0, 1, 0, 0, 0, 0, 0
IMG_0248_JPG.rf.0a72ae5f20ca5cf9139470aef68e613d.jpg, 0, 0, 1, 0, 0, 0, 0
IMG_0250_JPG.rf.0aabe7f93cb386765b16bfda62a8fd5a.jpg, 0, 1, 0, 0, 0, 0, 0
IMG_0997_JPG.rf.0a42d559759d32c155086347939521ac.jpg, 0, 0, 0, 0, 0, 1, 1
IMG_0311_JPG.rf.0ab4b6f6173eeb52783831dbc2f4097a.jpg, 0, 0, 0, 1, 0, 0, 0
IMG_0221_JPG.rf.0a8b5cd1133a228592fe41a433bad901.jpg, 0, 0, 1, 0, 0, 0, 0
IMG_1140_JPG.rf.0c81ef780824504035dba059d25794c3.jpg, 0, 0, 0, 1, 0, 0, 0
IMG_0307_JPG.rf.0c5dd59cc8623ab544d92dbdfee36963.jpg, 0, 1, 0, 1, 0, 0, 1
IMG_1134_JPG.rf.0d384d9defffd78c69aca8254896edeb.jpg, 0, 1, 0, 0, 0, 0, 0
IMG_0270_JPG.rf.0c8a600b9b3e909adb5a27fe226dac94.jpg, 0, 1, 0, 0, 0, 0, 1
IMG_0358_JPG.rf.0df6d6b03ddd1edb3a624e85287b4b71.jpg, 0, 1, 0, 1, 0, 0, 1
IMG_0242_JPG.rf.0cc0fbb8919bf82c0f4daa9c20d0cd40.jpg, 0, 1, 0, 0, 0, 0, 0
IMG_0279_JPG.rf.0d1243d3e34aabf4e051e4ad145a2093.jpg, 0, 1, 0, 0, 1, 0, 1
IMG_1047_JPG.rf.0d1a2c059241746ef31eb567a7d5f90b.jpg, 0, 0, 1, 0, 0, 0, 0
IMG_1016_JPG.rf.0e51087eb980e78a90cc7b10c88a59c3.jpg, 0, 0, 1, 0, 0, 0, 0
IMG_0303_JPG.rf.0e04c5c9ef24f07217e3e73f75ff817e.jpg, 1, 0, 0, 0, 0, 0, 0
IMG_0356_JPG.rf.0ebb2f0bd48e8fd993f9a15e69dfccfd.jpg, 0, 1, 0, 1, 0, 0, 1
IMG_0276_JPG.rf.0eea6834ef36cf23eb8f2b61951268fa.jpg, 0, 1, 0, 0, 1, 0, 1
IMG_0698_JPG.rf.0f742d4069215718baa722d68422a967.jpg, 0, 0, 1, 0, 0, 0, 0
IMG_0229_JPG.rf.1070c957ff8923a6c52b21b81148e4b3.jpg, 1, 0, 0, 0, 1, 0, 1
IMG_1051_JPG.rf.102855683e83a3c0007a0bf7b092a200.jpg, 0, 1, 0, 0, 0, 1, 1
IMG_1017_JPG.rf.10786ec719941fb24930b452b42bdf32.jpg, 0, 0, 1, 0, 0, 0, 0
IMG_0313_JPG.rf.10fc2fd753b38d54d7b01e3e9e3dc0fd.jpg, 0, 0, 0, 1, 0, 0, 0
IMG_1142_JPG.rf.12eaa5de9d0c0b68eb26b3a207084ebe.jpg, 0, 0, 0, 1, 0, 0, 0
IMG_0252_JPG.rf.12eb42742f449a143ee107977132fee3.jpg, 0, 1, 0, 0, 0, 0, 0
IMG_1073_JPG.rf.113765264568d0ac65b8fb4d5752bcf0.jpg, 0, 1, 0, 1, 0, 0, 0
IMG_0308_JPG.rf.12f55da96b7c158cbbd1cf7ffc16357e.jpg, 0, 1, 0, 1, 0, 0, 1
IMG_0370_JPG.rf.133c1eeafbaa281bd336e9b00c9c0640.jpg, 0, 1, 0, 0, 0, 0, 0
IMG_0344_JPG.rf.1141bc41a00c10365f81950a2065c896.jpg, 0, 0, 0, 1, 0, 0, 0
IMG_1116_JPG.rf.140bf58917135c42fd566ccf2f8de905.jpg, 0, 0, 1, 0, 0, 0, 0
IMG_0886_JPG.rf.13b087c7c483977277c5eaeda4b3b1b7.jpg, 0, 1, 0, 0, 0, 0, 0
IMG_0346_JPG.rf.1443fd746129b6fa4610613efd804522.jpg, 0, 1, 0, 0, 0, 1, 1
IMG_0248_JPG.rf.165778cb777dc940f821315837999876.jpg, 0, 0, 1, 0, 0, 0, 0
IMG_0256_JPG.rf.17883c7af41164e8f35509535a054da3.jpg, 0, 1, 0, 0, 1, 0, 1
IMG_1047_JPG.rf.187ff6e9eff56f27644a0c4b37a0fc3e.jpg, 0, 0, 1, 0, 0, 0, 0
IMG_1040_JPG.rf.17bf72a9e352224492e2d1ce34af00ac.jpg, 0, 0, 1, 0, 0, 0, 0
IMG_0275_JPG.rf.188d4bb4f32aebc1213a02624d0cd8e6.jpg, 0, 1, 0, 0, 1, 0, 0
IMG_0228_JPG.rf.152821158da684a6e50227743b1d00fd.jpg, 0, 0, 0, 0, 0, 0, 1
IMG_0251_JPG.rf.16432a18beafd9bade6664898f15fda6.jpg, 0, 1, 0, 0, 0, 0, 0
IMG_0481_JPG.rf.1ac5a6154e3551e453c1d9e759578b1e.jpg, 0, 0, 1, 0, 0, 0, 0
IMG_0283_JPG.rf.197862ee1b4c5fc5e19772693379f6be.jpg, 0, 1, 0, 0, 0, 0, 0
IMG_1109_JPG.rf.1ae49ca08aa9c7cbeaf6872207549cda.jpg, 0, 1, 0, 0, 0, 1, 1
IMG_0564_JPG.rf.19725b78bd2023d3453fa1362a5b088a.jpg, 0, 1, 0, 0, 0, 0, 0
IMG_1016_JPG.rf.1aeb57f9c24a60c82f8022003ebc349e.jpg, 0, 0, 1, 0, 0, 0, 0
IMG_0885_JPG.rf.1a40cce3b390238c02613b2f3fe60def.jpg, 0, 1, 0, 0, 0, 0, 0
IMG_0302_JPG.rf.1abc937e81e3d2f8639af1f37e897a5f.jpg, 0, 0, 1, 0, 0, 0, 0
IMG_1000_JPG.rf.1d3685526d0601c6a175c5afb8d88b21.jpg, 0, 1, 0, 0, 0, 0, 0
IMG_0283_JPG.rf.1c02be8be0232e2499c58c1e7baabe2c.jpg, 0, 1, 0, 0, 0, 0, 0
IMG_0567_JPG.rf.1c418db36846f0f207ea3a8febe7306f.jpg, 0, 1, 0, 0, 0, 0, 0
IMG_0302_JPG.rf.1bfdb64824fca1c018b839011ef4e49f.jpg, 0, 0, 1, 0, 0, 0, 0
IMG_0293_JPG.rf.19a616e946a942abbd3119998db6f26e.jpg, 0, 1, 0, 1, 0, 0, 0
IMG_0258_JPG.rf.1bb8833eac9343137e2471c6b48e7df2.jpg, 0, 0, 0, 0, 1, 0, 0
IMG_1042_JPG.rf.1e792bf8218ac43d91b0165fcd03c1f2.jpg, 0, 0, 1, 0, 0, 0, 0
IMG_1035_JPG.rf.1d4db2dde625992c3927fd35ce51763d.jpg, 1, 1, 0, 0, 0, 0, 0
IMG_0297_JPG.rf.1de79de1978ecec381f44f5b3a7bd4e0.jpg, 0, 1, 0, 1, 0, 0, 1
IMG_1047_JPG.rf.1d8bbf504cedfaa474dbafb406c8b427.jpg, 0, 0, 1, 0, 0, 0, 0
IMG_0344_JPG.rf.1e86ce0465685fab8b406fcf9409b2db.jpg, 0, 0, 0, 1, 0, 0, 0
IMG_0324_JPG.rf.1dddc18bff32273d432d1649fa7c7bbe.jpg, 1, 1, 0, 0, 0, 0, 1
IMG_1029_JPG.rf.1ea43855f76dd584076b2ed4b299bbc8.jpg, 0, 1, 0, 0, 0, 0, 1
IMG_1137_JPG.rf.1f210a0df427f4bb2d80e3a1ee91cb2f.jpg, 0, 1, 0, 1, 0, 1, 0
IMG_0475_JPG.rf.1d583da52b2267a6db6ecd9b66204163.jpg, 0, 1, 0, 0, 0, 0, 0
IMG_0884_JPG.rf.1ee5b896167c47a5bcb32d10b468b8a5.jpg, 0, 1, 0, 0, 0, 0, 0
IMG_0333_JPG.rf.1fd9c1710208bea3cbdabf7a4c60e8d5.jpg, 0, 0, 0, 0, 0, 0, 1
IMG_0557_JPG.rf.1fd4a0c793122deb41d782d425ef175c.jpg, 0, 1, 0, 0, 0, 0, 0
IMG_1126_JPG.rf.1ff026b01a52ef0501da1f5bbb98aa64.jpg, 1, 0, 0, 0, 0, 0, 1
IMG_1041_JPG.rf.20c6d093813caa924146a9e61511a184.jpg, 0, 0, 1, 0, 0, 0, 0
IMG_0227_JPG.rf.1f4ed8ff45594bdef02b8d507dee7f96.jpg, 0, 0, 0, 0, 0, 0, 1
IMG_0322_JPG.rf.21389c77ffb02232117d0df2954d90ab.jpg, 1, 1, 0, 0, 0, 0, 1
IMG_0290_JPG.rf.22da100927ca8eb116fb99d97f8ce5f1.jpg, 0, 1, 0, 0, 1, 0, 1
IMG_0309_JPG.rf.207c04f642964d51a01215d038b4e5c1.jpg, 0, 0, 0, 1, 0, 0, 0
IMG_0476_JPG.rf.20392ceacb948c00aaadff656746daf0.jpg, 0, 1, 0, 0, 0, 0, 0
IMG_0350_JPG.rf.1e9d1cb873db73153396b10f8598fb5d.jpg, 1, 0, 0, 1, 0, 0, 0
IMG_0370_JPG.rf.22f21e939de176895664681bd2e4cf19.jpg, 0, 1, 0, 0, 0, 0, 0
IMG_0263_JPG.rf.224c90fbea67341be6efdf92ca60af52.jpg, 0, 0, 1, 0, 0, 0, 0
IMG_1102_JPG.rf.1f8a4d09f76f46ee6bbf791f9467cbd1.jpg, 0, 1, 0, 0, 0, 0, 0
IMG_0263_JPG.rf.2369adadb7010d3fc6f6aa734cf624cb.jpg, 0, 0, 1, 0, 0, 0, 0
IMG_0886_JPG.rf.235e81ef02b45162855caf79367e050c.jpg, 0, 1, 0, 0, 0, 0, 0
IMG_0566_JPG.rf.215daad93000b67a4638f4bcf3693d0c.jpg, 0, 1, 0, 0, 0, 0, 0
IMG_0656_JPG.rf.25115d83ce5238e0f824c6560803cdab.jpg, 1, 0, 0, 0, 0, 0, 1
IMG_0333_JPG.rf.2192b27192e0c04094e9bcd5cc1b541b.jpg, 0, 0, 0, 0, 0, 0, 1
IMG_1146_JPG.rf.24d5c1c625104ac9fced926e388aa11f.jpg, 0, 0, 1, 0, 0, 0, 0
IMG_0367_JPG.rf.240b4180ac7b899c42ac4f293de8eaad.jpg, 0, 1, 0, 0, 0, 0, 1
IMG_0370_JPG.rf.238bc5ed434e4887dd6a2681f377802e.jpg, 0, 1, 0, 0, 0, 0, 0
IMG_0214_JPG.rf.256ab89188a6a009f654161bcc04fc64.jpg, 0, 0, 0, 0, 0, 0, 0
IMG_1016_JPG.rf.25cf8b7391c4ebbf0c39a51372ff666c.jpg, 0, 0, 1, 0, 0, 0, 0
IMG_0576_JPG.rf.25c62ffde8d0660b42a3b153c8e33e3e.jpg, 0, 1, 0, 0, 0, 0, 0
IMG_0698_JPG.rf.2701c7431a1bb39ef4de6c4c1873bf67.jpg, 0, 0, 1, 0, 0, 0, 0
IMG_0326_JPG.rf.256e9e2cbad7cc3c01548764b8e677bf.jpg, 1, 1, 0, 0, 0, 0, 1
IMG_1098_JPG.rf.270b4b165103b0edf33c93afcd7ace1e.jpg, 0, 0, 0, 1, 0, 0, 0
IMG_0251_JPG.rf.29b117aa69ea1a43d010acecae986c25.jpg, 0, 1, 0, 0, 0, 0, 0
IMG_0323_JPG.rf.28fa280b0d59dd43c99ed7ddb0a37320.jpg, 1, 1, 0, 0, 0, 0, 1
IMG_0590_JPG.rf.28ac5343ac566a708a8b616757b13b2f.jpg, 0, 1, 0, 0, 0, 0, 0
IMG_0269_JPG.rf.28dd94e4fc006ab44f6f65e667b37760.jpg, 0, 1, 0, 0, 0, 0, 1
IMG_1024_JPG.rf.295426d90f7b3219c208e1dd43d09784.jpg, 0, 0, 1, 0, 0, 0, 0
IMG_0700_JPG.rf.2a378c69fbbacc991c4b485254d342df.jpg, 0, 0, 1, 0, 0, 0, 0
IMG_0228_JPG.rf.2b06c9dfe7f84adfeef92c484b57c928.jpg, 0, 0, 0, 0, 0, 0, 1
IMG_0323_JPG.rf.2c490cebedd70bc957925bce214502ab.jpg, 1, 1, 0, 0, 0, 0, 1
IMG_0226_JPG.rf.2b558f07cda519256b3ab5631c535f2f.jpg, 0, 0, 0, 0, 0, 0, 1
IMG_1013_JPG.rf.2c7026ddcb7daa182e3578d39aa55717.jpg, 0, 0, 1, 0, 0, 0, 0
IMG_0481_JPG.rf.2cd2a8bcbd653c29d03c207ee9a0c4df.jpg, 0, 0, 1, 0, 0, 0, 0
IMG_0305_JPG.rf.2a0b0b89c725c9e4d6ccebf97d27a523.jpg, 0, 1, 0, 1, 0, 0, 1
IMG_0268_JPG.rf.2e59cd8464bffde82f5027c8d78510ab.jpg, 0, 1, 0, 0, 0, 0, 1
IMG_0362_JPG.rf.2ca8dff74566974fdde61b3aafdcbfbd.jpg, 0, 0, 0, 0, 0, 1, 0
IMG_0564_JPG.rf.2cda2b3472ec81c6703b12ab47c277d5.jpg, 0, 1, 0, 0, 0, 0, 0
IMG_0565_JPG.rf.2d7141c8cd1436e7db2b90ead0885f8d.jpg, 0, 1, 0, 0, 0, 0, 0
IMG_1114_JPG.rf.2e7a21fc1c5af8bdc0eee95b27cfc850.jpg, 0, 0, 1, 0, 0, 0, 0
IMG_0887_JPG.rf.2ee519f0c89de93c78f22c53489365d0.jpg, 0, 1, 0, 0, 0, 0, 0
IMG_0347_JPG.rf.2b716b4d55871bdd8ab15667086e8f48.jpg, 0, 1, 0, 0, 0, 1, 1
IMG_0256_JPG.rf.308a774663a31b56acd52af920024b20.jpg, 0, 1, 0, 0, 1, 0, 1
IMG_0225_JPG.rf.2fceda9f175f657ca95015a80a0578bb.jpg, 0, 0, 0, 0, 0, 0, 1
IMG_0216_JPG.rf.2f2281def8c9e88325cf0bcfb3689634.jpg, 0, 0, 1, 0, 0, 0, 0
IMG_0284_JPG.rf.30004f6ba2947d52e0ff791c111683d0.jpg, 0, 1, 0, 1, 0, 0, 1
IMG_0234_JPG.rf.2eac09a03eb737caefbf9b908d203554.jpg, 0, 0, 1, 0, 0, 0, 0
IMG_0247_JPG.rf.328ffcf7890b1316c2e51788c18341fa.jpg, 0, 0, 1, 0, 0, 0, 0
IMG_0294_JPG.rf.31e2dca154dfa732ab36e951a5273014.jpg, 0, 1, 0, 1, 0, 0, 0
IMG_1005_JPG.rf.30b561189a16df0cf13a76b877f2eb28.jpg, 0, 0, 1, 0, 0, 0, 0
IMG_0476_JPG.rf.328f36880f2d022a7e8804c5a9074cd0.jpg, 0, 1, 0, 0, 0, 0, 0
IMG_1142_JPG.rf.33ac16cb806e4b0029ec10f306d4adc6.jpg, 0, 0, 0, 1, 0, 0, 0
IMG_0699_JPG.rf.3395172085e44b37ddd63071529cc795.jpg, 0, 0, 1, 0, 0, 0, 0
IMG_1019_JPG.rf.33bdd7250c97e89b09bb32b14dea2065.jpg, 0, 0, 1, 0, 0, 0, 0
IMG_0221_JPG.rf.306a05159d8536cc5b678487270cbc7a.jpg, 0, 0, 1, 0, 0, 0, 0
IMG_0282_JPG.rf.3557d37d74e08ec6b2e62b19606eb0a9.jpg, 0, 1, 0, 0, 0, 0, 1
IMG_0354_JPG.rf.336bdc72e1e4c492fdd245ff67d8cd4a.jpg, 0, 1, 0, 0, 0, 0, 1
IMG_0362_JPG.rf.368fa9086048fc469f7b892d741a155f.jpg, 0, 0, 0, 0, 0, 1, 0
IMG_1116_JPG.rf.36e815d642f3e433130eaa2f8664d8f2.jpg, 0, 0, 1, 0, 0, 0, 0
IMG_0698_JPG.rf.3780499509a69d3de84b7724f81731cd.jpg, 0, 0, 1, 0, 0, 0, 0
IMG_1029_JPG.rf.37f6361b250e42cbfc78c61ffe68a4f9.jpg, 0, 1, 0, 0, 0, 0, 1
IMG_0324_JPG.rf.363e0fe04b55d85ffefa14ad68b3f6c9.jpg, 1, 1, 0, 0, 0, 0, 1
IMG_0282_JPG.rf.37e4db0d61e2702e90bfe01b6e72a098.jpg, 0, 1, 0, 0, 0, 0, 1
IMG_1096_JPG.rf.39b766dcdffb8f5c9b9264f9c9849579.jpg, 0, 0, 0, 1, 0, 0, 0
IMG_0336_JPG.rf.392c261d89651ed0cca0054ad7b5cdc6.jpg, 0, 0, 1, 0, 0, 0, 0
IMG_0243_JPG.rf.2ed8eb785aeeff8213c029ad790c6457.jpg, 0, 0, 1, 0, 0, 0, 0
IMG_0560_JPG.rf.3a40787a6995132827b034e91de8f1f4.jpg, 0, 1, 0, 0, 0, 0, 0
IMG_0350_JPG.rf.39a9006fef11296b4823776214863f3f.jpg, 1, 0, 0, 1, 0, 0, 0
IMG_0217_JPG.rf.393c33d2ad508afc47c6542a56567c26.jpg, 0, 0, 1, 0, 0, 0, 0
IMG_0280_JPG.rf.3a2afcaf5056d3ece71a16da1c859b23.jpg, 0, 1, 0, 0, 1, 0, 1
IMG_0213_JPG.rf.39d1e47fe401ff4f0ed7becec0fc997c.jpg, 0, 0, 0, 0, 0, 0, 0
IMG_1043_JPG.rf.3c378e5d169b78a858d370d1f7435358.jpg, 0, 0, 1, 0, 0, 0, 0
IMG_1019_JPG.rf.3a1a0d01709b457c09627782e7a45f27.jpg, 0, 0, 1, 0, 0, 0, 0
IMG_1074_JPG.rf.3ab4e85536703332ab80a0c8fbfb76e2.jpg, 0, 1, 0, 1, 0, 0, 0
IMG_0555_JPG.rf.3c318fce2b276d94c6e1234af696c619.jpg, 0, 1, 0, 0, 0, 0, 0
IMG_1062_JPG.rf.38cfd51d98aa4e6baaf342f5913fa8ff.jpg, 0, 0, 0, 1, 0, 0, 0
IMG_0320_JPG.rf.3e2dab89e89101b8de737ab040a04b18.jpg, 0, 1, 0, 0, 0, 0, 1
IMG_0312_JPG.rf.3e814cc1897b106926718716d39b5830.jpg, 0, 0, 0, 1, 0, 0, 0
IMG_0656_JPG.rf.3d88bddd61295e486bcefdb3d2ca0484.jpg, 1, 0, 0, 0, 0, 0, 1
IMG_0555_JPG.rf.3f24ba69c924c98fbd8771ef6e6c51e1.jpg, 0, 1, 0, 0, 0, 0, 0
IMG_1143_JPG.rf.3f2658656975cc5d3970f6d033fc5483.jpg, 0, 0, 0, 0, 0, 0, 0
IMG_1042_JPG.rf.3f313139d923610cb8453ea2ba6996b5.jpg, 0, 0, 1, 0, 0, 0, 0
IMG_0259_JPG.rf.3f293f550f977890025ca93de5508614.jpg, 0, 0, 0, 0, 1, 0, 0
IMG_0285_JPG.rf.3f91f3137640bcf500f45e65c5c6b39e.jpg, 0, 1, 0, 1, 0, 0, 1
IMG_0218_JPG.rf.3f444d184914699d0af18e700cf958cb.jpg, 0, 0, 1, 0, 0, 0, 0
IMG_0367_JPG.rf.3f459a7f036b7b522d9fd565c7a886e8.jpg, 0, 1, 0, 0, 0, 0, 1
IMG_1121_JPG.rf.3f06001460d321fc906f8a5e96acb681.jpg, 0, 0, 0, 0, 0, 0, 1
IMG_0326_JPG.rf.3fb15cbbe3655b767e5623ecf1a91acc.jpg, 1, 1, 0, 0, 0, 0, 1
IMG_1132_JPG.rf.4045d70e44f80080a363cb2747721ee7.jpg, 0, 0, 0, 1, 0, 0, 0
IMG_1102_JPG.rf.41817cd95baa22ebdf28f4c0a9e6d275.jpg, 0, 1, 0, 0, 0, 0, 0
IMG_0563_JPG.rf.3e311be805e5c0dbfd93a3023e6d7d0a.jpg, 0, 1, 0, 0, 0, 0, 0
IMG_0250_JPG.rf.412c112e48879b0553a080e1d03a5db2.jpg, 0, 1, 0, 0, 0, 0, 0
IMG_0291_JPG.rf.42e9fb258e0435b8c835fef046940b63.jpg, 0, 1, 0, 1, 0, 0, 1
IMG_0557_JPG.rf.40ebfb32af4f0dfe22fe95830d27c759.jpg, 0, 1, 0, 0, 0, 0, 0
IMG_0293_JPG.rf.42df229f13211b0038935738710c3bb7.jpg, 0, 1, 0, 1, 0, 0, 0
IMG_0358_JPG.rf.42faf78146bdb1e51978a7bdbc1bbabd.jpg, 0, 1, 0, 1, 0, 0, 1
IMG_0547_JPG.rf.43b392ee3c20174b253ae9d06eb3b9a5.jpg, 0, 1, 0, 0, 0, 0, 0
IMG_0242_JPG.rf.43bfbe8e70dd5580c25d29fc0966810a.jpg, 0, 1, 0, 0, 0, 0, 0
IMG_1021_JPG.rf.431d91e272f97a692f8f4247b6946cc9.jpg, 0, 0, 1, 0, 0, 0, 0
IMG_0259_JPG.rf.439d6f79fa2db69b7e7a01e8f3e3b571.jpg, 0, 0, 0, 0, 1, 0, 0
IMG_0254_JPG.rf.4405e481fe56a55f78dd697837e1c2b9.jpg, 0, 1, 0, 0, 0, 0, 1
IMG_1015_JPG.rf.442aa8f2e900b9f1378fe446095093bc.jpg, 0, 0, 1, 0, 0, 0, 0
IMG_0885_JPG.rf.458e828bf29aace3791bd7cda8036eaa.jpg, 0, 1, 0, 0, 0, 0, 0
IMG_0264_JPG.rf.46e559c48711445c67df177ba093d755.jpg, 0, 0, 1, 0, 0, 0, 0
IMG_1065_JPG.rf.44ed3013d52dd4c2d90bb0e804dd6ec5.jpg, 0, 0, 0, 1, 0, 0, 0
IMG_0274_JPG.rf.460beb494d44bc351be6320e5293efab.jpg, 0, 1, 0, 0, 1, 0, 0
IMG_1078_JPG.rf.44758ffd9a2b09763b4ebdf188531235.jpg, 0, 1, 0, 0, 0, 0, 1
IMG_1139_JPG.rf.46d4d063bfe52f76d5d8cae125599ba8.jpg, 0, 0, 0, 1, 0, 0, 0
IMG_0285_JPG.rf.47e7e339b236493fbe7c3a10396d3002.jpg, 0, 1, 0, 1, 0, 0, 1
IMG_1063_JPG.rf.48a71b06633d68cb9e93a939e92984a4.jpg, 0, 0, 0, 1, 0, 0, 0
IMG_0241_JPG.rf.4b461a6f8d383c702b4b566aff2f6449.jpg, 0, 1, 0, 0, 0, 0, 0
IMG_0253_JPG.rf.473dd9af44aa73d5e4f5116b0ca8db81.jpg, 0, 1, 0, 0, 1, 0, 1
IMG_0314_JPG.rf.4a398e2e12fa0ea59d040acf9072a85f.jpg, 0, 0, 0, 1, 0, 0, 0
IMG_0258_JPG.rf.4b051c6a5b6672a24ee80ec7cb4570de.jpg, 0, 0, 0, 0, 1, 0, 0
IMG_0318_JPG.rf.4cb73b2197237fbbb5ed054c0740b1dd.jpg, 0, 1, 0, 1, 0, 0, 0
IMG_0269_JPG.rf.4a285241476fb593f3051dae92df7065.jpg, 0, 1, 0, 0, 0, 0, 1
IMG_1134_JPG.rf.4a52ae5e1d4e6b7a589520e75d6f1751.jpg, 0, 1, 0, 0, 0, 0, 0
IMG_0547_JPG.rf.4f0436cd5908628aa35acee1d280e54c.jpg, 0, 1, 0, 0, 0, 0, 0
IMG_0291_JPG.rf.4c9cfd0336a91f83711fe503224917e7.jpg, 0, 1, 0, 1, 0, 0, 1
IMG_1126_JPG.rf.5021d1c1b6b27ef8e89796b92bb60600.jpg, 1, 0, 0, 0, 0, 0, 1
IMG_0214_JPG.rf.4ed66c48b590e58096cb5bdd7007ef31.jpg, 0, 0, 0, 0, 0, 0, 0
IMG_0284_JPG.rf.4a9f1e66bef5357f02b40a28f186fdde.jpg, 0, 1, 0, 1, 0, 0, 1
IMG_0997_JPG.rf.4fdb387441f1bc4a90707e86601ba0b2.jpg, 0, 0, 0, 0, 0, 1, 1
IMG_1021_JPG.rf.50161b52fd8baa4c28c7c12f9e3a0bbf.jpg, 0, 0, 1, 0, 0, 0, 0
IMG_0301_JPG.rf.52e3aa6595a630d7763f4dc87bd709f2.jpg, 0, 0, 1, 0, 0, 0, 0
IMG_0274_JPG.rf.503fde60d882433633493361c34fa852.jpg, 0, 1, 0, 0, 1, 0, 0
IMG_0254_JPG.rf.51d725599c5f13a05df2c1cc26ddacd8.jpg, 0, 1, 0, 0, 0, 0, 1
IMG_1014_JPG.rf.52f45d75be204420f92e96127c848ea3.jpg, 0, 0, 1, 0, 0, 0, 0
IMG_1080_JPG.rf.52ad182190e011989880893ac9710f11.jpg, 0, 1, 0, 0, 0, 0, 1
IMG_0212_JPG.rf.51e464fbdd411d448fd79bb32b807bef.jpg, 0, 0, 0, 0, 0, 0, 1